all_ids,eye_category,eye_position,gaze_direction,heart_rates,p2p_intervals,sys_peaks,dys_peaks,engagement_labels
1100011002.avi,1,4,1,77.76679842,0.808333333,1.182893812,0.993446911,2
1100011003.avi,1,4,1,68.42317487,0.913333333,0.744126683,0.651943189,2

